[{"model": "polls.poll", "pk": 4, "fields": {"title": "\u041f\u0435\u0440\u0432\u044b\u0439 \u043e\u043f\u0440\u043e\u0441", "description": "\u0422\u0435\u0441\u0442\u043e\u0432\u043e\u0435 \u043e\u043f\u0438\u0441\u0430\u043d\u0438\u0435 \u043f\u0435\u0440\u0432\u043e\u0433\u043e \u043e\u043f\u0440\u043e\u0441\u0430", "start_date": "2021-12-23", "end_date": "2022-05-31"}}, {"model": "polls.poll", "pk": 5, "fields": {"title": "\u0412\u0442\u043e\u0440\u043e\u0439 \u043e\u043f\u0440\u043e\u0441", "description": "\u0422\u0435\u0441\u0442\u043e\u0432\u043e\u0435 \u043e\u043f\u0438\u0441\u0430\u043d\u0438\u0435 \u0432\u0442\u043e\u0440\u043e\u0433\u043e \u043e\u043f\u0440\u043e\u0441\u0430", "start_date": "2021-12-23", "end_date": "2022-12-31"}}, {"model": "polls.poll", "pk": 6, "fields": {"title": "\u0422\u0440\u0435\u0442\u0438\u0439 \u043e\u043f\u0440\u043e\u0441", "description": "\u0422\u0435\u0441\u0442\u043e\u0432\u043e\u0435 \u043e\u043f\u0438\u0441\u0430\u043d\u0438\u0435 \u0442\u0440\u0435\u0442\u044c\u0435\u0433\u043e \u043e\u043f\u0440\u043e\u0441\u0430", "start_date": "2021-12-23", "end_date": "2022-12-31"}}, {"model": "polls.poll", "pk": 8, "fields": {"title": "\u0427\u0435\u0442\u0432\u0451\u0440\u0442\u044b\u0439 \u043e\u043f\u0440\u043e\u0441", "description": "\u0438\u0437\u043c\u0435\u043d\u0438\u043b \u0432\u0441\u0435 \u043a\u0440\u043e\u043c\u0435 \u0434\u0430\u0442\u044b \u043d\u0430\u0447\u0430\u043b\u0430", "start_date": "2021-12-23", "end_date": "2022-12-30"}}, {"model": "polls.poll", "pk": 11, "fields": {"title": "123", "description": "213123123123213", "start_date": "2021-12-27", "end_date": "2022-12-30"}}, {"model": "polls.question", "pk": 5, "fields": {"poll": 4, "question_text": "\u0423\u043a\u0430\u0436\u0438\u0442\u0435 \u0432\u0430\u0448 \u043f\u043e\u043b?", "question_type": "CHOICE"}}, {"model": "polls.question", "pk": 6, "fields": {"poll": 4, "question_text": "\u041d\u0430\u043f\u0438\u0448\u0438\u0442\u0435 \u0432\u0430\u0448\u0435 \u0438\u043c\u044f", "question_type": "TEXT"}}, {"model": "polls.question", "pk": 7, "fields": {"poll": 4, "question_text": "\u041a\u0430\u043a\u0430\u044f \u043c\u0443\u0437\u044b\u043a\u0430 \u043d\u0440\u0430\u0432\u0438\u0442\u0441\u044f?", "question_type": "MULTICHOICE"}}, {"model": "polls.question", "pk": 8, "fields": {"poll": 5, "question_text": "\u041a\u0430\u043a \u0434\u0435\u043b\u0430?", "question_type": "TEXT"}}, {"model": "polls.question", "pk": 9, "fields": {"poll": 5, "question_text": "\u0412\u044b\u0431\u0435\u0440\u0438\u0442\u0435 \u043b\u044e\u0431\u0438\u043c\u043e\u0433\u043e \u0441\u0443\u043f\u0435\u0440\u0433\u0435\u0440\u043e\u044f", "question_type": "CHOICE"}}, {"model": "polls.question", "pk": 10, "fields": {"poll": 5, "question_text": "\u0427\u0442\u043e \u0438\u0437 \u043f\u0435\u0440\u0435\u0447\u0438\u0441\u043b\u0435\u043d\u043d\u043e\u0433\u043e \u0444\u0440\u0443\u043a\u0442*?", "question_type": "MULTICHOICE"}}, {"model": "polls.question", "pk": 11, "fields": {"poll": 6, "question_text": "\u0412\u043e\u043f\u0440\u043e\u0441 \u0432 \u0442\u0440\u0435\u0442\u044c\u0435\u043c \u043e\u043f\u0440\u043e\u0441\u0435", "question_type": "TEXT"}}, {"model": "polls.question", "pk": 13, "fields": {"poll": 8, "question_text": "Trying to provide choices for text", "question_type": "TEXT"}}, {"model": "polls.question", "pk": 14, "fields": {"poll": 4, "question_text": "\u0418\u043c\u044f \u0432\u0430\u0448\u0435\u0439 \u0441\u043e\u0431\u0430\u043a\u0438?", "question_type": "TEXT"}}, {"model": "polls.question", "pk": 17, "fields": {"poll": 4, "question_text": "\u0412\u043e\u043f\u0440\u043e\u0441 \u0447\u0435\u0440\u0435\u0437 \u043f\u043e\u0441\u0442\u043c\u0430\u043d 3", "question_type": "CHOICE"}}, {"model": "polls.question", "pk": 18, "fields": {"poll": 4, "question_text": "\u0412\u043e\u043f\u0440\u043e\u0441 \u0447\u0435\u0440\u0435\u0437 \u043f\u043e\u0441\u0442\u043c\u0430\u043d 3", "question_type": "CHOICE"}}, {"model": "polls.question", "pk": 21, "fields": {"poll": 4, "question_text": "\u0422\u0435\u043a\u0441\u0442 \u043d\u043e \u0431\u0435\u0437 \u0432\u044b\u0431\u043e\u0440\u0430", "question_type": "TEXT"}}, {"model": "polls.question", "pk": 25, "fields": {"poll": 4, "question_text": "\u041f\u0440\u043e\u0432\u0435\u0440\u043a\u0430 \u0432\u044b\u0431\u043e\u0440\u043e\u0432 \u0434\u043b\u044f \u0442\u0435\u043a\u0441\u0442\u0430", "question_type": "TEXT"}}, {"model": "polls.question", "pk": 26, "fields": {"poll": 4, "question_text": "\u0412\u044b\u0431\u043e\u0440 \u0441\u043e\u0437\u0434\u0430\u0435\u0442\u0441\u044f \u0434\u043b\u044f \u0427\u043e\u0439\u0441 \u0438 \u043c\u0443\u043b\u044c\u0442\u0438\u0447\u043e\u0439\u0441", "question_type": "CHOICE"}}, {"model": "polls.question", "pk": 27, "fields": {"poll": 4, "question_text": "\u0412\u044b\u0431\u043e\u0440 \u0441\u043e\u0437\u0434\u0430\u0435\u0442\u0441\u044f \u0434\u043b\u044f \u0442\u0435\u043a\u0441\u0442\u0430 \u0431\u0435\u0437 \u0432\u044b\u0431\u043e\u0440\u0430", "question_type": "TEXT"}}, {"model": "polls.question", "pk": 28, "fields": {"poll": 8, "question_text": "Change text and leave choices empty", "question_type": "CHOICE"}}, {"model": "polls.question", "pk": 33, "fields": {"poll": 11, "question_text": "text", "question_type": "TEXT"}}, {"model": "polls.question", "pk": 36, "fields": {"poll": 11, "question_text": "choice", "question_type": "CHOICE"}}, {"model": "polls.questionchoice", "pk": 7, "fields": {"question": 5, "choice_text": "\u041c\u0443\u0436\u0441\u043a\u043e\u0439"}}, {"model": "polls.questionchoice", "pk": 8, "fields": {"question": 5, "choice_text": "\u0416\u0435\u043d\u0441\u043a\u0438\u0439"}}, {"model": "polls.questionchoice", "pk": 9, "fields": {"question": 5, "choice_text": "\u041d\u0435\u043e\u043f\u0440\u0435\u0434\u0435\u043b\u0435\u043d\u043d\u044b\u0439 \u043f\u043e\u043b"}}, {"model": "polls.questionchoice", "pk": 10, "fields": {"question": 7, "choice_text": "\u0420\u043e\u043a"}}, {"model": "polls.questionchoice", "pk": 11, "fields": {"question": 7, "choice_text": "\u0420\u044d\u043f"}}, {"model": "polls.questionchoice", "pk": 12, "fields": {"question": 7, "choice_text": "\u041f\u043e\u043f"}}, {"model": "polls.questionchoice", "pk": 13, "fields": {"question": 7, "choice_text": "\u041a\u043b\u0430\u0441\u0441\u0438\u043a\u0430"}}, {"model": "polls.questionchoice", "pk": 14, "fields": {"question": 7, "choice_text": "\u042d\u043b\u0435\u043a\u0442\u0440\u043e"}}, {"model": "polls.questionchoice", "pk": 16, "fields": {"question": 9, "choice_text": "\u0425\u0430\u043b\u043a"}}, {"model": "polls.questionchoice", "pk": 17, "fields": {"question": 9, "choice_text": "\u0411\u0435\u0442\u043c\u0435\u043d"}}, {"model": "polls.questionchoice", "pk": 18, "fields": {"question": 9, "choice_text": "\u0427\u0435\u043b\u043e\u0432\u0435\u043a-\u043f\u0430\u0443\u043a"}}, {"model": "polls.questionchoice", "pk": 19, "fields": {"question": 9, "choice_text": "\u0421\u0443\u043f\u0435\u0440\u043c\u0435\u043d"}}, {"model": "polls.questionchoice", "pk": 20, "fields": {"question": 10, "choice_text": "\u042f\u0431\u043b\u043e\u043a\u043e"}}, {"model": "polls.questionchoice", "pk": 21, "fields": {"question": 10, "choice_text": "\u0411\u0430\u043d\u0430\u043d"}}, {"model": "polls.questionchoice", "pk": 22, "fields": {"question": 10, "choice_text": "\u0410\u0440\u0431\u0443\u0437"}}, {"model": "polls.questionchoice", "pk": 23, "fields": {"question": 10, "choice_text": "\u0413\u0440\u0443\u0448\u0430"}}, {"model": "polls.questionchoice", "pk": 24, "fields": {"question": 10, "choice_text": "\u041f\u0438\u0432\u043e"}}, {"model": "polls.questionchoice", "pk": 29, "fields": {"question": 17, "choice_text": "\u0415\u0434\u0438\u043d\u0441\u0442\u0432\u0435\u043d\u043d\u044b\u0439 \u0432\u044b\u0431\u043e\u0440"}}, {"model": "polls.questionchoice", "pk": 30, "fields": {"question": 18, "choice_text": "\u0412\u0442\u043e\u0440\u043e\u0439 \u0432\u044b\u0431\u043e\u0440"}}, {"model": "polls.questionchoice", "pk": 31, "fields": {"question": 18, "choice_text": "\u0422\u0440\u0435\u0442\u0438\u0439 \u0432\u044b\u0431\u043e\u0440"}}, {"model": "polls.questionchoice", "pk": 34, "fields": {"question": 26, "choice_text": "\u041f\u0435\u0440\u0432\u044b\u0439 \u0432\u044b\u0431\u043e\u0440 \u0434\u043b\u044f \u0447\u043e\u0439\u0441\u0430"}}, {"model": "polls.questionchoice", "pk": 35, "fields": {"question": 26, "choice_text": "\u0412\u0442\u043e\u0440\u043e\u0439 \u0432\u044b\u0431\u043e\u0440 \u0434\u043b\u044f \u0447\u043e\u0439\u0441\u0430"}}, {"model": "polls.questionchoice", "pk": 46, "fields": {"question": 28, "choice_text": "\u0417\u0430\u043c\u0435\u043d\u0438\u0442 \u0432\u0441\u0435 \u0432\u0430\u0440\u0438\u0430\u043d\u0442\u044b1"}}, {"model": "polls.questionchoice", "pk": 47, "fields": {"question": 28, "choice_text": "\u0417\u0430\u043c\u0435\u043d\u0438\u0442 \u0432\u0441\u0435 \u0432\u0430\u0440\u0438\u0430\u043d\u0442\u044b2"}}, {"model": "polls.questionchoice", "pk": 48, "fields": {"question": 28, "choice_text": "\u0417\u0430\u043c\u0435\u043d\u0438\u0442 \u0432\u0441\u0435 \u0432\u0430\u0440\u0438\u0430\u043d\u0442\u044b3"}}, {"model": "polls.questionchoice", "pk": 52, "fields": {"question": 36, "choice_text": "choice_1"}}, {"model": "polls.questionchoice", "pk": 53, "fields": {"question": 36, "choice_text": "choice_2"}}, {"model": "polls.answer", "pk": 5, "fields": {"user_id": 1, "poll": 4, "question": 5, "choice": 9, "answer_text": ""}}, {"model": "polls.answer", "pk": 6, "fields": {"user_id": 1, "poll": 4, "question": 6, "choice": null, "answer_text": "\u041f\u0430\u0448\u0430"}}, {"model": "polls.answer", "pk": 9, "fields": {"user_id": 2, "poll": 4, "question": 6, "choice": null, "answer_text": "\u041a\u043e\u043b\u044f"}}, {"model": "polls.answer", "pk": 10, "fields": {"user_id": 1, "poll": 4, "question": 7, "choice": 10, "answer_text": ""}}, {"model": "polls.answer", "pk": 11, "fields": {"user_id": 1, "poll": 4, "question": 7, "choice": 11, "answer_text": ""}}, {"model": "polls.answer", "pk": 12, "fields": {"user_id": 1, "poll": 5, "question": 8, "choice": null, "answer_text": "\u041d\u043e\u0440\u043c"}}, {"model": "polls.answer", "pk": 13, "fields": {"user_id": 3, "poll": 5, "question": 8, "choice": null, "answer_text": "\u0425\u043e\u0440\u043e\u0448\u043e"}}, {"model": "polls.answer", "pk": 14, "fields": {"user_id": 3, "poll": 5, "question": 9, "choice": 16, "answer_text": ""}}, {"model": "polls.answer", "pk": 15, "fields": {"user_id": 3, "poll": 5, "question": 10, "choice": 20, "answer_text": ""}}, {"model": "polls.answer", "pk": 16, "fields": {"user_id": 3, "poll": 5, "question": 10, "choice": 21, "answer_text": ""}}, {"model": "polls.answer", "pk": 17, "fields": {"user_id": 3, "poll": 5, "question": 10, "choice": 22, "answer_text": ""}}, {"model": "polls.answer", "pk": 19, "fields": {"user_id": 5, "poll": 5, "question": 8, "choice": null, "answer_text": "Kaif"}}, {"model": "polls.answer", "pk": 20, "fields": {"user_id": 21, "poll": 8, "question": 13, "choice": null, "answer_text": "Hey there"}}, {"model": "contenttypes.contenttype", "pk": 1, "fields": {"app_label": "polls", "model": "poll"}}, {"model": "contenttypes.contenttype", "pk": 2, "fields": {"app_label": "polls", "model": "question"}}, {"model": "contenttypes.contenttype", "pk": 3, "fields": {"app_label": "polls", "model": "questionchoice"}}, {"model": "contenttypes.contenttype", "pk": 4, "fields": {"app_label": "polls", "model": "answer"}}, {"model": "contenttypes.contenttype", "pk": 5, "fields": {"app_label": "admin", "model": "logentry"}}, {"model": "contenttypes.contenttype", "pk": 6, "fields": {"app_label": "auth", "model": "permission"}}, {"model": "contenttypes.contenttype", "pk": 7, "fields": {"app_label": "auth", "model": "group"}}, {"model": "contenttypes.contenttype", "pk": 8, "fields": {"app_label": "auth", "model": "user"}}, {"model": "contenttypes.contenttype", "pk": 9, "fields": {"app_label": "contenttypes", "model": "contenttype"}}, {"model": "contenttypes.contenttype", "pk": 10, "fields": {"app_label": "sessions", "model": "session"}}, {"model": "sessions.session", "pk": "1qag0sa6pd2q83d7f22cjhqmbm4pyms0", "fields": {"session_data": "Zjk1ZTRjMzY4ZDZmMTQxZGZlMGE4MmU2NzFkZTgyN2Q4ZjcyZDBiNzp7Il9hdXRoX3VzZXJfaWQiOiIxIiwiX2F1dGhfdXNlcl9iYWNrZW5kIjoiZGphbmdvLmNvbnRyaWIuYXV0aC5iYWNrZW5kcy5Nb2RlbEJhY2tlbmQiLCJfYXV0aF91c2VyX2hhc2giOiI0YWQ3N2JmNTM3ZjhiMDhiM2ZkMzAwYjQzNzRiYjU2MjBjM2NkNzA3In0=", "expire_date": "2022-01-09T17:08:37.837Z"}}, {"model": "sessions.session", "pk": "2s13rvkhd23hc6hau7jdltxb1oeft5pd", "fields": {"session_data": "Zjk1ZTRjMzY4ZDZmMTQxZGZlMGE4MmU2NzFkZTgyN2Q4ZjcyZDBiNzp7Il9hdXRoX3VzZXJfaWQiOiIxIiwiX2F1dGhfdXNlcl9iYWNrZW5kIjoiZGphbmdvLmNvbnRyaWIuYXV0aC5iYWNrZW5kcy5Nb2RlbEJhY2tlbmQiLCJfYXV0aF91c2VyX2hhc2giOiI0YWQ3N2JmNTM3ZjhiMDhiM2ZkMzAwYjQzNzRiYjU2MjBjM2NkNzA3In0=", "expire_date": "2022-01-06T18:12:14.707Z"}}, {"model": "auth.permission", "pk": 1, "fields": {"name": "Can add \u041e\u043f\u0440\u043e\u0441", "content_type": 1, "codename": "add_poll"}}, {"model": "auth.permission", "pk": 2, "fields": {"name": "Can change \u041e\u043f\u0440\u043e\u0441", "content_type": 1, "codename": "change_poll"}}, {"model": "auth.permission", "pk": 3, "fields": {"name": "Can delete \u041e\u043f\u0440\u043e\u0441", "content_type": 1, "codename": "delete_poll"}}, {"model": "auth.permission", "pk": 4, "fields": {"name": "Can view \u041e\u043f\u0440\u043e\u0441", "content_type": 1, "codename": "view_poll"}}, {"model": "auth.permission", "pk": 5, "fields": {"name": "Can add \u0412\u043e\u043f\u0440\u043e\u0441", "content_type": 2, "codename": "add_question"}}, {"model": "auth.permission", "pk": 6, "fields": {"name": "Can change \u0412\u043e\u043f\u0440\u043e\u0441", "content_type": 2, "codename": "change_question"}}, {"model": "auth.permission", "pk": 7, "fields": {"name": "Can delete \u0412\u043e\u043f\u0440\u043e\u0441", "content_type": 2, "codename": "delete_question"}}, {"model": "auth.permission", "pk": 8, "fields": {"name": "Can view \u0412\u043e\u043f\u0440\u043e\u0441", "content_type": 2, "codename": "view_question"}}, {"model": "auth.permission", "pk": 9, "fields": {"name": "Can add \u0412\u044b\u0431\u043e\u0440", "content_type": 3, "codename": "add_questionchoice"}}, {"model": "auth.permission", "pk": 10, "fields": {"name": "Can change \u0412\u044b\u0431\u043e\u0440", "content_type": 3, "codename": "change_questionchoice"}}, {"model": "auth.permission", "pk": 11, "fields": {"name": "Can delete \u0412\u044b\u0431\u043e\u0440", "content_type": 3, "codename": "delete_questionchoice"}}, {"model": "auth.permission", "pk": 12, "fields": {"name": "Can view \u0412\u044b\u0431\u043e\u0440", "content_type": 3, "codename": "view_questionchoice"}}, {"model": "auth.permission", "pk": 13, "fields": {"name": "Can add \u041e\u0442\u0432\u0435\u0442 \u043f\u043e\u043b\u044c\u0437\u043e\u0432\u0430\u0442\u0435\u043b\u044f", "content_type": 4, "codename": "add_answer"}}, {"model": "auth.permission", "pk": 14, "fields": {"name": "Can change \u041e\u0442\u0432\u0435\u0442 \u043f\u043e\u043b\u044c\u0437\u043e\u0432\u0430\u0442\u0435\u043b\u044f", "content_type": 4, "codename": "change_answer"}}, {"model": "auth.permission", "pk": 15, "fields": {"name": "Can delete \u041e\u0442\u0432\u0435\u0442 \u043f\u043e\u043b\u044c\u0437\u043e\u0432\u0430\u0442\u0435\u043b\u044f", "content_type": 4, "codename": "delete_answer"}}, {"model": "auth.permission", "pk": 16, "fields": {"name": "Can view \u041e\u0442\u0432\u0435\u0442 \u043f\u043e\u043b\u044c\u0437\u043e\u0432\u0430\u0442\u0435\u043b\u044f", "content_type": 4, "codename": "view_answer"}}, {"model": "auth.permission", "pk": 17, "fields": {"name": "Can add log entry", "content_type": 5, "codename": "add_logentry"}}, {"model": "auth.permission", "pk": 18, "fields": {"name": "Can change log entry", "content_type": 5, "codename": "change_logentry"}}, {"model": "auth.permission", "pk": 19, "fields": {"name": "Can delete log entry", "content_type": 5, "codename": "delete_logentry"}}, {"model": "auth.permission", "pk": 20, "fields": {"name": "Can view log entry", "content_type": 5, "codename": "view_logentry"}}, {"model": "auth.permission", "pk": 21, "fields": {"name": "Can add permission", "content_type": 6, "codename": "add_permission"}}, {"model": "auth.permission", "pk": 22, "fields": {"name": "Can change permission", "content_type": 6, "codename": "change_permission"}}, {"model": "auth.permission", "pk": 23, "fields": {"name": "Can delete permission", "content_type": 6, "codename": "delete_permission"}}, {"model": "auth.permission", "pk": 24, "fields": {"name": "Can view permission", "content_type": 6, "codename": "view_permission"}}, {"model": "auth.permission", "pk": 25, "fields": {"name": "Can add group", "content_type": 7, "codename": "add_group"}}, {"model": "auth.permission", "pk": 26, "fields": {"name": "Can change group", "content_type": 7, "codename": "change_group"}}, {"model": "auth.permission", "pk": 27, "fields": {"name": "Can delete group", "content_type": 7, "codename": "delete_group"}}, {"model": "auth.permission", "pk": 28, "fields": {"name": "Can view group", "content_type": 7, "codename": "view_group"}}, {"model": "auth.permission", "pk": 29, "fields": {"name": "Can add user", "content_type": 8, "codename": "add_user"}}, {"model": "auth.permission", "pk": 30, "fields": {"name": "Can change user", "content_type": 8, "codename": "change_user"}}, {"model": "auth.permission", "pk": 31, "fields": {"name": "Can delete user", "content_type": 8, "codename": "delete_user"}}, {"model": "auth.permission", "pk": 32, "fields": {"name": "Can view user", "content_type": 8, "codename": "view_user"}}, {"model": "auth.permission", "pk": 33, "fields": {"name": "Can add content type", "content_type": 9, "codename": "add_contenttype"}}, {"model": "auth.permission", "pk": 34, "fields": {"name": "Can change content type", "content_type": 9, "codename": "change_contenttype"}}, {"model": "auth.permission", "pk": 35, "fields": {"name": "Can delete content type", "content_type": 9, "codename": "delete_contenttype"}}, {"model": "auth.permission", "pk": 36, "fields": {"name": "Can view content type", "content_type": 9, "codename": "view_contenttype"}}, {"model": "auth.permission", "pk": 37, "fields": {"name": "Can add session", "content_type": 10, "codename": "add_session"}}, {"model": "auth.permission", "pk": 38, "fields": {"name": "Can change session", "content_type": 10, "codename": "change_session"}}, {"model": "auth.permission", "pk": 39, "fields": {"name": "Can delete session", "content_type": 10, "codename": "delete_session"}}, {"model": "auth.permission", "pk": 40, "fields": {"name": "Can view session", "content_type": 10, "codename": "view_session"}}, {"model": "auth.user", "pk": 1, "fields": {"password": "pbkdf2_sha256$150000$623XNSbH54Ng$se11ihqXjHCLMGP2plqu6eaDM39OB1660YAKR7gTL24=", "last_login": "2021-12-26T17:08:37.737Z", "is_superuser": true, "username": "ppp", "first_name": "", "last_name": "", "email": "p@mail.ru", "is_staff": true, "is_active": true, "date_joined": "2021-12-23T11:32:51.168Z", "groups": [], "user_permissions": []}}, {"model": "admin.logentry", "pk": 1, "fields": {"action_time": "2021-12-23T11:33:47.246Z", "user": 1, "content_type": 1, "object_id": "1", "object_repr": "\u0422\u0435\u0441\u04421", "action_flag": 1, "change_message": "[{\"added\": {}}, {\"added\": {\"name\": \"\\u0412\\u043e\\u043f\\u0440\\u043e\\u0441\", \"object\": \"\\u041f\\u043e\\u043b\"}}]"}}, {"model": "admin.logentry", "pk": 2, "fields": {"action_time": "2021-12-23T11:37:01.045Z", "user": 1, "content_type": 1, "object_id": "1", "object_repr": "\u0422\u0435\u0441\u04421", "action_flag": 3, "change_message": ""}}, {"model": "admin.logentry", "pk": 3, "fields": {"action_time": "2021-12-23T13:21:46.523Z", "user": 1, "content_type": 1, "object_id": "2", "object_repr": "123123", "action_flag": 1, "change_message": "[{\"added\": {}}, {\"added\": {\"name\": \"\\u0412\\u043e\\u043f\\u0440\\u043e\\u0441\", \"object\": \"123\"}}]"}}, {"model": "admin.logentry", "pk": 4, "fields": {"action_time": "2021-12-23T13:22:10.664Z", "user": 1, "content_type": 1, "object_id": "2", "object_repr": "123123", "action_flag": 2, "change_message": "[{\"added\": {\"name\": \"\\u0412\\u043e\\u043f\\u0440\\u043e\\u0441\", \"object\": \"213123\"}}]"}}, {"model": "admin.logentry", "pk": 5, "fields": {"action_time": "2021-12-23T13:27:30.565Z", "user": 1, "content_type": 1, "object_id": "3", "object_repr": "\u0412\u0442\u043e\u0440\u043e\u0439 \u043e\u043f\u0440\u043e\u0441", "action_flag": 1, "change_message": "[{\"added\": {}}, {\"added\": {\"name\": \"\\u0412\\u043e\\u043f\\u0440\\u043e\\u0441\", \"object\": \"\\u041f\\u043e\\u043b\"}}]"}}, {"model": "admin.logentry", "pk": 6, "fields": {"action_time": "2021-12-23T13:32:00.965Z", "user": 1, "content_type": 4, "object_id": "1", "object_repr": "1 - \u041f\u043e\u043b: \u041c", "action_flag": 1, "change_message": "[{\"added\": {}}]"}}, {"model": "admin.logentry", "pk": 7, "fields": {"action_time": "2021-12-23T13:34:22.222Z", "user": 1, "content_type": 1, "object_id": "2", "object_repr": "123123", "action_flag": 2, "change_message": "[]"}}, {"model": "admin.logentry", "pk": 8, "fields": {"action_time": "2021-12-23T13:35:22.490Z", "user": 1, "content_type": 4, "object_id": "2", "object_repr": "1 - 213123: \u0425\u0417", "action_flag": 1, "change_message": "[{\"added\": {}}]"}}, {"model": "admin.logentry", "pk": 9, "fields": {"action_time": "2021-12-23T13:40:10.497Z", "user": 1, "content_type": 4, "object_id": "3", "object_repr": "1 - \u041f\u043e\u043b: \u041c", "action_flag": 1, "change_message": "[{\"added\": {}}]"}}, {"model": "admin.logentry", "pk": 10, "fields": {"action_time": "2021-12-23T13:43:15.776Z", "user": 1, "content_type": 4, "object_id": "4", "object_repr": "1 - 123: 232323213421341234234", "action_flag": 1, "change_message": "[{\"added\": {}}]"}}, {"model": "admin.logentry", "pk": 11, "fields": {"action_time": "2021-12-23T15:25:17.562Z", "user": 1, "content_type": 1, "object_id": "3", "object_repr": "\u0412\u0442\u043e\u0440\u043e\u0439 \u043e\u043f\u0440\u043e\u0441", "action_flag": 3, "change_message": ""}}, {"model": "admin.logentry", "pk": 12, "fields": {"action_time": "2021-12-23T15:25:17.650Z", "user": 1, "content_type": 1, "object_id": "2", "object_repr": "123123", "action_flag": 3, "change_message": ""}}, {"model": "admin.logentry", "pk": 13, "fields": {"action_time": "2021-12-23T15:26:20.674Z", "user": 1, "content_type": 1, "object_id": "4", "object_repr": "\u041f\u0435\u0440\u0432\u044b\u0439 \u0432\u043e\u043f\u0440\u043e\u0441", "action_flag": 1, "change_message": "[{\"added\": {}}, {\"added\": {\"name\": \"\\u0412\\u043e\\u043f\\u0440\\u043e\\u0441\", \"object\": \"\\u0423\\u043a\\u0430\\u0436\\u0438\\u0442\\u0435 \\u0432\\u0430\\u0448 \\u043f\\u043e\\u043b\"}}]"}}, {"model": "admin.logentry", "pk": 14, "fields": {"action_time": "2021-12-23T15:35:29.697Z", "user": 1, "content_type": 1, "object_id": "4", "object_repr": "\u041f\u0435\u0440\u0432\u044b\u0439 \u0432\u043e\u043f\u0440\u043e\u0441", "action_flag": 2, "change_message": "[{\"added\": {\"name\": \"\\u0412\\u043e\\u043f\\u0440\\u043e\\u0441\", \"object\": \"\\u041d\\u0430\\u043f\\u0438\\u0448\\u0438\\u0442\\u0435 \\u0432\\u0430\\u0448\\u0435 \\u0438\\u043c\\u044f\"}}, {\"added\": {\"name\": \"\\u0412\\u043e\\u043f\\u0440\\u043e\\u0441\", \"object\": \"\\u041a\\u0430\\u043a\\u0430\\u044f \\u043c\\u0443\\u0437\\u044b\\u043a\\u0430 \\u043d\\u0440\\u0430\\u0432\\u0438\\u0442\\u0441\\u044f?\"}}, {\"added\": {\"name\": \"\\u0412\\u044b\\u0431\\u043e\\u0440\", \"object\": \"\\u0420\\u043e\\u043a\"}}, {\"added\": {\"name\": \"\\u0412\\u044b\\u0431\\u043e\\u0440\", \"object\": \"\\u0420\\u044d\\u043f\"}}, {\"added\": {\"name\": \"\\u0412\\u044b\\u0431\\u043e\\u0440\", \"object\": \"\\u041f\\u043e\\u043f\"}}, {\"added\": {\"name\": \"\\u0412\\u044b\\u0431\\u043e\\u0440\", \"object\": \"\\u041a\\u043b\\u0430\\u0441\\u0441\\u0438\\u043a\\u0430\"}}, {\"added\": {\"name\": \"\\u0412\\u044b\\u0431\\u043e\\u0440\", \"object\": \"\\u042d\\u043b\\u0435\\u043a\\u0442\\u0440\\u043e\"}}]"}}, {"model": "admin.logentry", "pk": 15, "fields": {"action_time": "2021-12-23T15:38:07.947Z", "user": 1, "content_type": 1, "object_id": "4", "object_repr": "\u041f\u0435\u0440\u0432\u044b\u0439 \u0432\u043e\u043f\u0440\u043e\u0441", "action_flag": 2, "change_message": "[{\"changed\": {\"name\": \"\\u0412\\u043e\\u043f\\u0440\\u043e\\u0441\", \"object\": \"\\u041d\\u0430\\u043f\\u0438\\u0448\\u0438\\u0442\\u0435 \\u0432\\u0430\\u0448\\u0435 \\u0438\\u043c\\u044f\", \"fields\": [\"question_type\"]}}, {\"added\": {\"name\": \"\\u0412\\u044b\\u0431\\u043e\\u0440\", \"object\": \"\\u041f\\u0430\\u0448\\u0430\"}}]"}}, {"model": "admin.logentry", "pk": 16, "fields": {"action_time": "2021-12-23T15:38:17.860Z", "user": 1, "content_type": 1, "object_id": "4", "object_repr": "\u041f\u0435\u0440\u0432\u044b\u0439 \u0432\u043e\u043f\u0440\u043e\u0441", "action_flag": 2, "change_message": "[{\"changed\": {\"name\": \"\\u0412\\u043e\\u043f\\u0440\\u043e\\u0441\", \"object\": \"\\u041d\\u0430\\u043f\\u0438\\u0448\\u0438\\u0442\\u0435 \\u0432\\u0430\\u0448\\u0435 \\u0438\\u043c\\u044f\", \"fields\": [\"question_type\"]}}, {\"deleted\": {\"name\": \"\\u0412\\u044b\\u0431\\u043e\\u0440\", \"object\": \"\\u041f\\u0430\\u0448\\u0430\"}}]"}}, {"model": "admin.logentry", "pk": 17, "fields": {"action_time": "2021-12-23T15:42:05.446Z", "user": 1, "content_type": 1, "object_id": "5", "object_repr": "\u0412\u0442\u043e\u0440\u043e\u0439 \u043e\u043f\u0440\u043e\u0441", "action_flag": 1, "change_message": "[{\"added\": {}}, {\"added\": {\"name\": \"\\u0412\\u043e\\u043f\\u0440\\u043e\\u0441\", \"object\": \"\\u041a\\u0430\\u043a \\u0434\\u0435\\u043b\\u0430?\"}}, {\"added\": {\"name\": \"\\u0412\\u043e\\u043f\\u0440\\u043e\\u0441\", \"object\": \"\\u0412\\u044b\\u0431\\u0435\\u0440\\u0438\\u0442\\u0435 \\u043b\\u044e\\u0431\\u0438\\u043c\\u043e\\u0433\\u043e \\u0441\\u0443\\u043f\\u0435\\u0440\\u0433\\u0435\\u0440\\u043e\\u044f\"}}, {\"added\": {\"name\": \"\\u0412\\u043e\\u043f\\u0440\\u043e\\u0441\", \"object\": \"\\u0427\\u0442\\u043e \\u0438\\u0437 \\u043f\\u0435\\u0440\\u0435\\u0447\\u0438\\u0441\\u043b\\u0435\\u043d\\u043d\\u043e\\u0433\\u043e \\u0444\\u0440\\u0443\\u043a\\u0442*?\"}}, {\"added\": {\"name\": \"\\u0412\\u044b\\u0431\\u043e\\u0440\", \"object\": \"\\u0425\\u0430\\u043b\\u043a\"}}, {\"added\": {\"name\": \"\\u0412\\u044b\\u0431\\u043e\\u0440\", \"object\": \"\\u0411\\u0435\\u0442\\u043c\\u0435\\u043d\"}}, {\"added\": {\"name\": \"\\u0412\\u044b\\u0431\\u043e\\u0440\", \"object\": \"\\u0427\\u0435\\u043b\\u043e\\u0432\\u0435\\u043a-\\u043f\\u0430\\u0443\\u043a\"}}, {\"added\": {\"name\": \"\\u0412\\u044b\\u0431\\u043e\\u0440\", \"object\": \"\\u0421\\u0443\\u043f\\u0435\\u0440\\u043c\\u0435\\u043d\"}}, {\"added\": {\"name\": \"\\u0412\\u044b\\u0431\\u043e\\u0440\", \"object\": \"\\u042f\\u0431\\u043b\\u043e\\u043a\\u043e\"}}, {\"added\": {\"name\": \"\\u0412\\u044b\\u0431\\u043e\\u0440\", \"object\": \"\\u0411\\u0430\\u043d\\u0430\\u043d\"}}, {\"added\": {\"name\": \"\\u0412\\u044b\\u0431\\u043e\\u0440\", \"object\": \"\\u0410\\u0440\\u0431\\u0443\\u0437\"}}, {\"added\": {\"name\": \"\\u0412\\u044b\\u0431\\u043e\\u0440\", \"object\": \"\\u0413\\u0440\\u0443\\u0448\\u0430\"}}, {\"added\": {\"name\": \"\\u0412\\u044b\\u0431\\u043e\\u0440\", \"object\": \"\\u041f\\u0438\\u0432\\u043e\"}}]"}}, {"model": "admin.logentry", "pk": 18, "fields": {"action_time": "2021-12-23T15:42:31.893Z", "user": 1, "content_type": 1, "object_id": "4", "object_repr": "\u041f\u0435\u0440\u0432\u044b\u0439 \u043e\u043f\u0440\u043e\u0441", "action_flag": 2, "change_message": "[{\"changed\": {\"fields\": [\"title\", \"description\"]}}]"}}, {"model": "admin.logentry", "pk": 19, "fields": {"action_time": "2021-12-23T16:19:48.796Z", "user": 1, "content_type": 1, "object_id": "6", "object_repr": "\u0422\u0440\u0435\u0442\u0438\u0439 \u043e\u043f\u0440\u043e\u0441", "action_flag": 1, "change_message": "[{\"added\": {}}, {\"added\": {\"name\": \"\\u0412\\u043e\\u043f\\u0440\\u043e\\u0441\", \"object\": \"\\u0412\\u043e\\u043f\\u0440\\u043e\\u0441 \\u0432 \\u0442\\u0440\\u0435\\u0442\\u044c\\u0435\\u043c \\u043e\\u043f\\u0440\\u043e\\u0441\\u0435\"}}]"}}, {"model": "admin.logentry", "pk": 20, "fields": {"action_time": "2021-12-23T16:20:02.773Z", "user": 1, "content_type": 1, "object_id": "5", "object_repr": "\u0412\u0442\u043e\u0440\u043e\u0439 \u043e\u043f\u0440\u043e\u0441", "action_flag": 2, "change_message": "[{\"changed\": {\"fields\": [\"description\"]}}]"}}, {"model": "admin.logentry", "pk": 21, "fields": {"action_time": "2021-12-23T18:04:35.887Z", "user": 1, "content_type": 1, "object_id": "7", "object_repr": "\u041d\u0435\u0430\u043a\u0442\u0438\u0432\u043d\u044b\u0439 \u043e\u043f\u0440\u043e\u0441 (\u0437\u0430\u043a\u043e\u043d\u0447\u0438\u0432\u0448\u0438\u0439\u0441\u044f)", "action_flag": 1, "change_message": "[{\"added\": {}}, {\"added\": {\"name\": \"\\u0412\\u043e\\u043f\\u0440\\u043e\\u0441\", \"object\": \"\\u0420\\u0430\\u0437\\u0432\\u0435 \\u0441\\u044e\\u0434\\u0430 \\u043c\\u043e\\u0436\\u043d\\u043e \\u043e\\u0442\\u0432\\u0435\\u0442\\u0438\\u0442\\u044c?\"}}, {\"added\": {\"name\": \"\\u0412\\u044b\\u0431\\u043e\\u0440\", \"object\": \"\\u0414\\u0430\"}}, {\"added\": {\"name\": \"\\u0412\\u044b\\u0431\\u043e\\u0440\", \"object\": \"\\u041d\\u0435\\u0442\"}}]"}}, {"model": "admin.logentry", "pk": 22, "fields": {"action_time": "2021-12-23T18:05:39.641Z", "user": 1, "content_type": 1, "object_id": "8", "object_repr": "\u0427\u0435\u0442\u0432\u0435\u0440\u0442\u044b\u0439 \u043e\u043f\u0440\u043e\u0441", "action_flag": 1, "change_message": "[{\"added\": {}}, {\"added\": {\"name\": \"\\u0412\\u043e\\u043f\\u0440\\u043e\\u0441\", \"object\": \"\\u0412\\u0430\\u0448 \\u043b\\u044e\\u0431\\u0438\\u043c\\u044b\\u0439 \\u0446\\u0432\\u0435\\u0442?\"}}]"}}, {"model": "admin.logentry", "pk": 23, "fields": {"action_time": "2021-12-24T15:51:25.239Z", "user": 1, "content_type": 4, "object_id": "5", "object_repr": "1 - \u0423\u043a\u0430\u0436\u0438\u0442\u0435 \u0432\u0430\u0448 \u043f\u043e\u043b: \u041d\u0435\u043e\u043f\u0440\u0435\u0434\u0435\u043b\u0435\u043d\u043d\u044b\u0439 \u043f\u043e\u043b(\u0432\u0435\u0440\u0442\u043e\u043b\u0435\u0442)", "action_flag": 1, "change_message": "[{\"added\": {}}]"}}, {"model": "admin.logentry", "pk": 24, "fields": {"action_time": "2021-12-24T15:55:23.601Z", "user": 1, "content_type": 4, "object_id": "6", "object_repr": "1 - \u041d\u0430\u043f\u0438\u0448\u0438\u0442\u0435 \u0432\u0430\u0448\u0435 \u0438\u043c\u044f: \u041f\u0430\u0448\u0430", "action_flag": 1, "change_message": "[{\"added\": {}}]"}}, {"model": "admin.logentry", "pk": 25, "fields": {"action_time": "2021-12-24T19:15:55.182Z", "user": 1, "content_type": 1, "object_id": "4", "object_repr": "\u041f\u0435\u0440\u0432\u044b\u0439 \u043e\u043f\u0440\u043e\u0441", "action_flag": 2, "change_message": "[{\"deleted\": {\"name\": \"\\u0412\\u043e\\u043f\\u0440\\u043e\\u0441\", \"object\": \"\\u0412\\u043e\\u043f\\u0440\\u043e\\u0441 \\u0447\\u0435\\u0440\\u0435\\u0437 \\u043f\\u043e\\u0441\\u0442\\u043c\\u0430\\u043d\"}}, {\"deleted\": {\"name\": \"\\u0412\\u043e\\u043f\\u0440\\u043e\\u0441\", \"object\": \"\\u0412\\u043e\\u043f\\u0440\\u043e\\u0441 \\u0447\\u0435\\u0440\\u0435\\u0437 \\u043f\\u043e\\u0441\\u0442\\u043c\\u0430\\u043d 2\"}}, {\"deleted\": {\"name\": \"\\u0412\\u044b\\u0431\\u043e\\u0440\", \"object\": \"OrderedDict([('choice_text', '\\u0415\\u0434\\u0438\\u043d\\u0441\\u0442\\u0432\\u0435\\u043d\\u043d\\u044b\\u0439 \\u0432\\u044b\\u0431\\u043e\\u0440')])\"}}, {\"deleted\": {\"name\": \"\\u0412\\u044b\\u0431\\u043e\\u0440\", \"object\": \"OrderedDict([('choice_text', '\\u0415\\u0434\\u0438\\u043d\\u0441\\u0442\\u0432\\u0435\\u043d\\u043d\\u044b\\u0439 \\u0432\\u044b\\u0431\\u043e\\u0440')])\"}}]"}}, {"model": "admin.logentry", "pk": 26, "fields": {"action_time": "2021-12-25T12:51:00.768Z", "user": 1, "content_type": 1, "object_id": "4", "object_repr": "\u041f\u0435\u0440\u0432\u044b\u0439 \u043e\u043f\u0440\u043e\u0441", "action_flag": 2, "change_message": "[{\"deleted\": {\"name\": \"\\u0412\\u043e\\u043f\\u0440\\u043e\\u0441\", \"object\": \"\\u041f\\u043e\\u043f\\u044b\\u0442\\u043a\\u0430 \\u0441\\u043e\\u0437\\u0434\\u0430\\u0442\\u044c \\u0432\\u044b\\u0431\\u043e\\u0440 \\u0434\\u043b\\u044f \\u0442\\u0435\\u043a\\u0441\\u0442\\u0430 \\u0447\\u0435\\u0440\\u0435\\u0437 \\u043f\\u043e\\u0441\\u0442 \\u0437\\u0430\\u043f\\u0440\\u043e\\u0441\"}}, {\"deleted\": {\"name\": \"\\u0412\\u044b\\u0431\\u043e\\u0440\", \"object\": \"\\u041f\\u043e\\u043b\\u0443\\u0447\\u0438\\u043b\\u043e\\u0441\\u044c\"}}, {\"deleted\": {\"name\": \"\\u0412\\u044b\\u0431\\u043e\\u0440\", \"object\": \"\\u041d\\u0435 \\u043f\\u043e\\u043b\\u0443\\u0447\\u0438\\u043b\\u043e\\u0441\\u044c\"}}]"}}, {"model": "admin.logentry", "pk": 27, "fields": {"action_time": "2021-12-25T13:02:37.409Z", "user": 1, "content_type": 1, "object_id": "4", "object_repr": "\u041f\u0435\u0440\u0432\u044b\u0439 \u043e\u043f\u0440\u043e\u0441", "action_flag": 2, "change_message": "[{\"added\": {\"name\": \"\\u0412\\u043e\\u043f\\u0440\\u043e\\u0441\", \"object\": \"\\u041f\\u043e\\u043f\\u044b\\u0442\\u043a\\u0430 \\u0441\\u043e\\u0437\\u0434\\u0430\\u0442\\u044c \\u0432\\u044b\\u0431\\u043e\\u0440 \\u0431\\u0435\\u0437 \\u0432\\u044b\\u0431\\u043e\\u0440\\u0430\"}}]"}}, {"model": "admin.logentry", "pk": 28, "fields": {"action_time": "2021-12-25T13:03:36.655Z", "user": 1, "content_type": 1, "object_id": "4", "object_repr": "\u041f\u0435\u0440\u0432\u044b\u0439 \u043e\u043f\u0440\u043e\u0441", "action_flag": 2, "change_message": "[]"}}, {"model": "admin.logentry", "pk": 29, "fields": {"action_time": "2021-12-25T13:04:11.439Z", "user": 1, "content_type": 1, "object_id": "4", "object_repr": "\u041f\u0435\u0440\u0432\u044b\u0439 \u043e\u043f\u0440\u043e\u0441", "action_flag": 2, "change_message": "[]"}}, {"model": "admin.logentry", "pk": 30, "fields": {"action_time": "2021-12-25T13:04:17.670Z", "user": 1, "content_type": 1, "object_id": "4", "object_repr": "\u041f\u0435\u0440\u0432\u044b\u0439 \u043e\u043f\u0440\u043e\u0441", "action_flag": 2, "change_message": "[{\"changed\": {\"name\": \"\\u0412\\u043e\\u043f\\u0440\\u043e\\u0441\", \"object\": \"\\u041f\\u043e\\u043f\\u044b\\u0442\\u043a\\u0430 \\u0441\\u043e\\u0437\\u0434\\u0430\\u0442\\u044c \\u0432\\u044b\\u0431\\u043e\\u0440 \\u0431\\u0435\\u0437 \\u0432\\u044b\\u0431\\u043e\\u0440\\u0430\", \"fields\": [\"question_type\"]}}]"}}, {"model": "admin.logentry", "pk": 31, "fields": {"action_time": "2021-12-25T13:06:19.840Z", "user": 1, "content_type": 1, "object_id": "4", "object_repr": "\u041f\u0435\u0440\u0432\u044b\u0439 \u043e\u043f\u0440\u043e\u0441", "action_flag": 2, "change_message": "[]"}}, {"model": "admin.logentry", "pk": 32, "fields": {"action_time": "2021-12-25T13:06:40.188Z", "user": 1, "content_type": 1, "object_id": "4", "object_repr": "\u041f\u0435\u0440\u0432\u044b\u0439 \u043e\u043f\u0440\u043e\u0441", "action_flag": 2, "change_message": "[{\"added\": {\"name\": \"\\u0412\\u043e\\u043f\\u0440\\u043e\\u0441\", \"object\": \"\\u0412\\u044b\\u0431\\u043e\\u0440 \\u0431\\u0435\\u0437 \\u0432\\u044b\\u0431\\u043e\\u0440\\u0430\"}}, {\"deleted\": {\"name\": \"\\u0412\\u043e\\u043f\\u0440\\u043e\\u0441\", \"object\": \"\\u041f\\u043e\\u043f\\u044b\\u0442\\u043a\\u0430 \\u0441\\u043e\\u0437\\u0434\\u0430\\u0442\\u044c \\u0432\\u044b\\u0431\\u043e\\u0440 \\u0431\\u0435\\u0437 \\u0432\\u044b\\u0431\\u043e\\u0440\\u0430\"}}]"}}, {"model": "admin.logentry", "pk": 33, "fields": {"action_time": "2021-12-25T13:09:47.936Z", "user": 1, "content_type": 1, "object_id": "4", "object_repr": "\u041f\u0435\u0440\u0432\u044b\u0439 \u043e\u043f\u0440\u043e\u0441", "action_flag": 2, "change_message": "[]"}}, {"model": "admin.logentry", "pk": 34, "fields": {"action_time": "2021-12-25T13:10:23.860Z", "user": 1, "content_type": 1, "object_id": "4", "object_repr": "\u041f\u0435\u0440\u0432\u044b\u0439 \u043e\u043f\u0440\u043e\u0441", "action_flag": 2, "change_message": "[]"}}, {"model": "admin.logentry", "pk": 35, "fields": {"action_time": "2021-12-25T14:52:51.546Z", "user": 1, "content_type": 1, "object_id": "4", "object_repr": "\u041f\u0435\u0440\u0432\u044b\u0439 \u043e\u043f\u0440\u043e\u0441", "action_flag": 2, "change_message": "[{\"deleted\": {\"name\": \"\\u0412\\u043e\\u043f\\u0440\\u043e\\u0441\", \"object\": \"\\u0412\\u044b\\u0431\\u043e\\u0440 \\u0431\\u0435\\u0437 \\u0432\\u044b\\u0431\\u043e\\u0440\\u0430\"}}]"}}, {"model": "admin.logentry", "pk": 36, "fields": {"action_time": "2021-12-25T14:53:20.133Z", "user": 1, "content_type": 1, "object_id": "4", "object_repr": "\u041f\u0435\u0440\u0432\u044b\u0439 \u043e\u043f\u0440\u043e\u0441", "action_flag": 2, "change_message": "[{\"deleted\": {\"name\": \"\\u0412\\u043e\\u043f\\u0440\\u043e\\u0441\", \"object\": \"\\u0412\\u0430\\u0440\\u0438\\u0430\\u043d\\u0442\\u044b \\u043e\\u0442\\u0432\\u0435\\u0442\\u043e\\u0432 \\u0434\\u043b\\u044f \\u0442\\u0435\\u043a\\u0441\\u0442\\u0430 \\u0447\\u0435\\u0440\\u0435\\u0437 \\u043f\\u043e\\u0441\\u0442\"}}]"}}, {"model": "admin.logentry", "pk": 37, "fields": {"action_time": "2021-12-25T14:53:24.391Z", "user": 1, "content_type": 1, "object_id": "4", "object_repr": "\u041f\u0435\u0440\u0432\u044b\u0439 \u043e\u043f\u0440\u043e\u0441", "action_flag": 2, "change_message": "[{\"deleted\": {\"name\": \"\\u0412\\u043e\\u043f\\u0440\\u043e\\u0441\", \"object\": \"\\u041f\\u0440\\u0438\\u043d\\u0442 \\u043f\\u0443\\u0441\\u0442\\u044b\\u0445 \\u0432\\u044b\\u0431\\u043e\\u0440\\u043e\\u0432\"}}]"}}, {"model": "admin.logentry", "pk": 38, "fields": {"action_time": "2021-12-25T15:41:12.192Z", "user": 1, "content_type": 4, "object_id": "7", "object_repr": "1 - \u041d\u0430\u043f\u0438\u0448\u0438\u0442\u0435 \u0432\u0430\u0448\u0435 \u0438\u043c\u044f: \u041f\u0430\u0448\u0430", "action_flag": 1, "change_message": "[{\"added\": {}}]"}}, {"model": "admin.logentry", "pk": 39, "fields": {"action_time": "2021-12-25T15:41:44.876Z", "user": 1, "content_type": 4, "object_id": "8", "object_repr": "1 - \u041d\u0430\u043f\u0438\u0448\u0438\u0442\u0435 \u0432\u0430\u0448\u0435 \u0438\u043c\u044f: \u041f\u0430\u0448\u0430", "action_flag": 1, "change_message": "[{\"added\": {}}]"}}, {"model": "admin.logentry", "pk": 40, "fields": {"action_time": "2021-12-25T15:42:27.766Z", "user": 1, "content_type": 4, "object_id": "8", "object_repr": "1 - \u041d\u0430\u043f\u0438\u0448\u0438\u0442\u0435 \u0432\u0430\u0448\u0435 \u0438\u043c\u044f: \u041f\u0430\u0448\u0430", "action_flag": 3, "change_message": ""}}, {"model": "admin.logentry", "pk": 41, "fields": {"action_time": "2021-12-25T15:42:27.857Z", "user": 1, "content_type": 4, "object_id": "7", "object_repr": "1 - \u041d\u0430\u043f\u0438\u0448\u0438\u0442\u0435 \u0432\u0430\u0448\u0435 \u0438\u043c\u044f: \u041f\u0430\u0448\u0430", "action_flag": 3, "change_message": ""}}, {"model": "admin.logentry", "pk": 42, "fields": {"action_time": "2021-12-25T15:56:55.538Z", "user": 1, "content_type": 4, "object_id": "9", "object_repr": "2 - \u041d\u0430\u043f\u0438\u0448\u0438\u0442\u0435 \u0432\u0430\u0448\u0435 \u0438\u043c\u044f: \u041a\u043e\u043b\u044f", "action_flag": 1, "change_message": "[{\"added\": {}}]"}}, {"model": "admin.logentry", "pk": 43, "fields": {"action_time": "2021-12-25T16:24:49.950Z", "user": 1, "content_type": 4, "object_id": "10", "object_repr": "1 - \u041a\u0430\u043a\u0430\u044f \u043c\u0443\u0437\u044b\u043a\u0430 \u043d\u0440\u0430\u0432\u0438\u0442\u0441\u044f?: \u0420\u043e\u043a", "action_flag": 1, "change_message": "[{\"added\": {}}]"}}, {"model": "admin.logentry", "pk": 44, "fields": {"action_time": "2021-12-25T16:24:59.433Z", "user": 1, "content_type": 4, "object_id": "11", "object_repr": "1 - \u041a\u0430\u043a\u0430\u044f \u043c\u0443\u0437\u044b\u043a\u0430 \u043d\u0440\u0430\u0432\u0438\u0442\u0441\u044f?: \u0420\u044d\u043f", "action_flag": 1, "change_message": "[{\"added\": {}}]"}}, {"model": "admin.logentry", "pk": 45, "fields": {"action_time": "2021-12-25T16:25:28.148Z", "user": 1, "content_type": 4, "object_id": "12", "object_repr": "1 - \u041a\u0430\u043a \u0434\u0435\u043b\u0430?: \u041d\u043e\u0440\u043c", "action_flag": 1, "change_message": "[{\"added\": {}}]"}}, {"model": "admin.logentry", "pk": 46, "fields": {"action_time": "2021-12-26T14:42:43.630Z", "user": 1, "content_type": 4, "object_id": "18", "object_repr": "4 - \u041a\u0430\u043a \u0434\u0435\u043b\u0430?: None", "action_flag": 3, "change_message": ""}}, {"model": "admin.logentry", "pk": 47, "fields": {"action_time": "2021-12-26T15:03:16.268Z", "user": 1, "content_type": 1, "object_id": "6", "object_repr": "\u0422\u0440\u0435\u0442\u0438\u0439 \u043e\u043f\u0440\u043e\u0441", "action_flag": 2, "change_message": "[{\"changed\": {\"fields\": [\"end_date\"]}}]"}}, {"model": "admin.logentry", "pk": 48, "fields": {"action_time": "2021-12-27T19:46:04.228Z", "user": 1, "content_type": 1, "object_id": "11", "object_repr": "123", "action_flag": 1, "change_message": "[{\"added\": {}}, {\"added\": {\"name\": \"\\u0412\\u043e\\u043f\\u0440\\u043e\\u0441\", \"object\": \"213\"}}]"}}, {"model": "admin.logentry", "pk": 49, "fields": {"action_time": "2021-12-27T19:47:44.516Z", "user": 1, "content_type": 1, "object_id": "11", "object_repr": "123", "action_flag": 2, "change_message": "[]"}}, {"model": "admin.logentry", "pk": 50, "fields": {"action_time": "2021-12-27T19:47:57.592Z", "user": 1, "content_type": 1, "object_id": "11", "object_repr": "123", "action_flag": 2, "change_message": "[{\"added\": {\"name\": \"\\u0412\\u043e\\u043f\\u0440\\u043e\\u0441\", \"object\": \"123\"}}, {\"deleted\": {\"name\": \"\\u0412\\u043e\\u043f\\u0440\\u043e\\u0441\", \"object\": \"213\"}}]"}}, {"model": "admin.logentry", "pk": 51, "fields": {"action_time": "2021-12-27T19:51:37.371Z", "user": 1, "content_type": 1, "object_id": "8", "object_repr": "\u0427\u0435\u0442\u0432\u0451\u0440\u0442\u044b\u0439 \u043e\u043f\u0440\u043e\u0441", "action_flag": 2, "change_message": "[{\"deleted\": {\"name\": \"\\u0412\\u043e\\u043f\\u0440\\u043e\\u0441\", \"object\": \"123\"}}]"}}, {"model": "admin.logentry", "pk": 52, "fields": {"action_time": "2021-12-27T20:01:18.164Z", "user": 1, "content_type": 1, "object_id": "8", "object_repr": "\u0427\u0435\u0442\u0432\u0451\u0440\u0442\u044b\u0439 \u043e\u043f\u0440\u043e\u0441", "action_flag": 2, "change_message": "[{\"deleted\": {\"name\": \"\\u0412\\u043e\\u043f\\u0440\\u043e\\u0441\", \"object\": \"\\u041a\\u0410\\u043a \\u0434\\u0435\\u043b\\u0430\"}}, {\"deleted\": {\"name\": \"\\u0412\\u043e\\u043f\\u0440\\u043e\\u0441\", \"object\": \"123\"}}, {\"deleted\": {\"name\": \"\\u0412\\u043e\\u043f\\u0440\\u043e\\u0441\", \"object\": \"123\"}}]"}}, {"model": "admin.logentry", "pk": 53, "fields": {"action_time": "2021-12-28T15:54:12.820Z", "user": 1, "content_type": 1, "object_id": "4", "object_repr": "\u041f\u0435\u0440\u0432\u044b\u0439 \u043e\u043f\u0440\u043e\u0441", "action_flag": 2, "change_message": "[{\"changed\": {\"fields\": [\"end_date\"]}}]"}}, {"model": "admin.logentry", "pk": 54, "fields": {"action_time": "2021-12-28T15:54:19.740Z", "user": 1, "content_type": 1, "object_id": "5", "object_repr": "\u0412\u0442\u043e\u0440\u043e\u0439 \u043e\u043f\u0440\u043e\u0441", "action_flag": 2, "change_message": "[{\"changed\": {\"fields\": [\"end_date\"]}}]"}}, {"model": "admin.logentry", "pk": 55, "fields": {"action_time": "2021-12-28T15:54:24.841Z", "user": 1, "content_type": 1, "object_id": "6", "object_repr": "\u0422\u0440\u0435\u0442\u0438\u0439 \u043e\u043f\u0440\u043e\u0441", "action_flag": 2, "change_message": "[{\"changed\": {\"fields\": [\"end_date\"]}}]"}}, {"model": "admin.logentry", "pk": 56, "fields": {"action_time": "2021-12-28T15:54:38.902Z", "user": 1, "content_type": 1, "object_id": "8", "object_repr": "\u0427\u0435\u0442\u0432\u0451\u0440\u0442\u044b\u0439 \u043e\u043f\u0440\u043e\u0441", "action_flag": 2, "change_message": "[{\"changed\": {\"fields\": [\"end_date\"]}}]"}}, {"model": "admin.logentry", "pk": 57, "fields": {"action_time": "2021-12-28T16:00:29.804Z", "user": 1, "content_type": 1, "object_id": "11", "object_repr": "123", "action_flag": 2, "change_message": "[{\"changed\": {\"fields\": [\"end_date\"]}}, {\"added\": {\"name\": \"\\u0412\\u043e\\u043f\\u0440\\u043e\\u0441\", \"object\": \"choice\"}}, {\"changed\": {\"name\": \"\\u0412\\u043e\\u043f\\u0440\\u043e\\u0441\", \"object\": \"123\", \"fields\": [\"question_text\", \"question_type\"]}}, {\"added\": {\"name\": \"\\u0412\\u044b\\u0431\\u043e\\u0440\", \"object\": \"choice_1\"}}]"}}, {"model": "admin.logentry", "pk": 58, "fields": {"action_time": "2021-12-28T16:00:57.539Z", "user": 1, "content_type": 1, "object_id": "11", "object_repr": "123", "action_flag": 2, "change_message": "[{\"changed\": {\"name\": \"\\u0412\\u043e\\u043f\\u0440\\u043e\\u0441\", \"object\": \"choice\", \"fields\": [\"question_type\"]}}, {\"deleted\": {\"name\": \"\\u0412\\u044b\\u0431\\u043e\\u0440\", \"object\": \"choice_1\"}}]"}}, {"model": "admin.logentry", "pk": 59, "fields": {"action_time": "2021-12-28T16:01:02.486Z", "user": 1, "content_type": 1, "object_id": "11", "object_repr": "123", "action_flag": 2, "change_message": "[{\"changed\": {\"name\": \"\\u0412\\u043e\\u043f\\u0440\\u043e\\u0441\", \"object\": \"choice\", \"fields\": [\"question_type\"]}}]"}}, {"model": "admin.logentry", "pk": 60, "fields": {"action_time": "2021-12-28T16:01:21.999Z", "user": 1, "content_type": 1, "object_id": "11", "object_repr": "123", "action_flag": 2, "change_message": "[]"}}, {"model": "admin.logentry", "pk": 61, "fields": {"action_time": "2021-12-28T16:01:26.911Z", "user": 1, "content_type": 1, "object_id": "11", "object_repr": "123", "action_flag": 2, "change_message": "[]"}}, {"model": "admin.logentry", "pk": 62, "fields": {"action_time": "2021-12-28T16:01:30.478Z", "user": 1, "content_type": 1, "object_id": "11", "object_repr": "123", "action_flag": 2, "change_message": "[{\"changed\": {\"name\": \"\\u0412\\u043e\\u043f\\u0440\\u043e\\u0441\", \"object\": \"choice\", \"fields\": [\"question_type\"]}}]"}}, {"model": "admin.logentry", "pk": 63, "fields": {"action_time": "2021-12-28T16:03:00.415Z", "user": 1, "content_type": 1, "object_id": "11", "object_repr": "123", "action_flag": 2, "change_message": "[]"}}, {"model": "admin.logentry", "pk": 64, "fields": {"action_time": "2021-12-28T16:04:34.322Z", "user": 1, "content_type": 1, "object_id": "11", "object_repr": "123", "action_flag": 2, "change_message": "[]"}}, {"model": "admin.logentry", "pk": 65, "fields": {"action_time": "2021-12-28T16:04:42.017Z", "user": 1, "content_type": 1, "object_id": "11", "object_repr": "123", "action_flag": 2, "change_message": "[]"}}, {"model": "admin.logentry", "pk": 66, "fields": {"action_time": "2021-12-28T16:06:38.025Z", "user": 1, "content_type": 1, "object_id": "11", "object_repr": "123", "action_flag": 2, "change_message": "[]"}}, {"model": "admin.logentry", "pk": 67, "fields": {"action_time": "2021-12-28T16:11:57.065Z", "user": 1, "content_type": 1, "object_id": "11", "object_repr": "123", "action_flag": 2, "change_message": "[{\"added\": {\"name\": \"\\u0412\\u044b\\u0431\\u043e\\u0440\", \"object\": \"choice_1\"}}]"}}, {"model": "admin.logentry", "pk": 68, "fields": {"action_time": "2021-12-28T16:12:04.013Z", "user": 1, "content_type": 1, "object_id": "11", "object_repr": "123", "action_flag": 2, "change_message": "[{\"changed\": {\"name\": \"\\u0412\\u043e\\u043f\\u0440\\u043e\\u0441\", \"object\": \"text\", \"fields\": [\"question_type\"]}}]"}}, {"model": "admin.logentry", "pk": 69, "fields": {"action_time": "2021-12-28T16:21:01.927Z", "user": 1, "content_type": 1, "object_id": "11", "object_repr": "123", "action_flag": 2, "change_message": "[{\"changed\": {\"name\": \"\\u0412\\u043e\\u043f\\u0440\\u043e\\u0441\", \"object\": \"text\", \"fields\": [\"question_type\"]}}, {\"deleted\": {\"name\": \"\\u0412\\u044b\\u0431\\u043e\\u0440\", \"object\": \"choice_1\"}}]"}}, {"model": "admin.logentry", "pk": 70, "fields": {"action_time": "2021-12-28T16:21:04.099Z", "user": 1, "content_type": 1, "object_id": "11", "object_repr": "123", "action_flag": 2, "change_message": "[]"}}, {"model": "admin.logentry", "pk": 71, "fields": {"action_time": "2021-12-28T16:25:07.058Z", "user": 1, "content_type": 1, "object_id": "11", "object_repr": "123", "action_flag": 2, "change_message": "[{\"added\": {\"name\": \"\\u0412\\u044b\\u0431\\u043e\\u0440\", \"object\": \"123\"}}]"}}, {"model": "admin.logentry", "pk": 72, "fields": {"action_time": "2021-12-28T16:25:23.799Z", "user": 1, "content_type": 1, "object_id": "11", "object_repr": "123", "action_flag": 2, "change_message": "[{\"added\": {\"name\": \"\\u0412\\u044b\\u0431\\u043e\\u0440\", \"object\": \"choice_2\"}}, {\"changed\": {\"name\": \"\\u0412\\u044b\\u0431\\u043e\\u0440\", \"object\": \"123\", \"fields\": [\"choice_text\"]}}]"}}, {"model": "admin.logentry", "pk": 73, "fields": {"action_time": "2021-12-28T16:25:32.427Z", "user": 1, "content_type": 1, "object_id": "8", "object_repr": "\u0427\u0435\u0442\u0432\u0451\u0440\u0442\u044b\u0439 \u043e\u043f\u0440\u043e\u0441", "action_flag": 2, "change_message": "[]"}}, {"model": "admin.logentry", "pk": 74, "fields": {"action_time": "2021-12-28T16:25:37.659Z", "user": 1, "content_type": 1, "object_id": "6", "object_repr": "\u0422\u0440\u0435\u0442\u0438\u0439 \u043e\u043f\u0440\u043e\u0441", "action_flag": 2, "change_message": "[]"}}, {"model": "admin.logentry", "pk": 75, "fields": {"action_time": "2021-12-28T16:25:42.525Z", "user": 1, "content_type": 1, "object_id": "5", "object_repr": "\u0412\u0442\u043e\u0440\u043e\u0439 \u043e\u043f\u0440\u043e\u0441", "action_flag": 2, "change_message": "[]"}}, {"model": "admin.logentry", "pk": 76, "fields": {"action_time": "2021-12-28T16:26:00.096Z", "user": 1, "content_type": 1, "object_id": "4", "object_repr": "\u041f\u0435\u0440\u0432\u044b\u0439 \u043e\u043f\u0440\u043e\u0441", "action_flag": 2, "change_message": "[]"}}, {"model": "admin.logentry", "pk": 77, "fields": {"action_time": "2021-12-28T16:27:49.525Z", "user": 1, "content_type": 1, "object_id": "4", "object_repr": "\u041f\u0435\u0440\u0432\u044b\u0439 \u043e\u043f\u0440\u043e\u0441", "action_flag": 2, "change_message": "[{\"changed\": {\"name\": \"\\u0412\\u044b\\u0431\\u043e\\u0440\", \"object\": \"\\u041d\\u0435\\u043e\\u043f\\u0440\\u0435\\u0434\\u0435\\u043b\\u0435\\u043d\\u043d\\u044b\\u0439 \\u043f\\u043e\\u043b(\\u0432\\u0435\\u0440\\u0442\\u043e\\u043b\\u0435\\u0442)\", \"fields\": [\"choice_text\"]}}]"}}]